{"cameraMode":{"drawMode":0,"name":"Shaded","section":"Shading Mode"},"sceneLighting":false,"audioPlay":false,"sceneViewState":{"m_AlwaysRefresh":false,"showFog":true,"showSkybox":false,"showFlares":true,"showImageEffects":true,"showParticleSystems":true,"showVisualEffectGraphs":true,"m_FxEnabled":true},"in2DMode":false,"pivot":{"x":1.6544523239135743,"y":1.0699913501739503,"z":0.030487418174743654},"rotation":{"x":-0.00666698906570673,"y":-0.9836364388465881,"z":0.03720875456929207,"w":-0.17624185979366303},"size":1.8297185897827149,"orthographic":false}